標題,日期,摘要,完整內文,網址
陳金德政委視察馬太鞍復原重建工作進度 示範田產量恢復災前水準,115-08-21,行政院政務委員陳金德今（21）日前往花蓮縣光復鄉勘查馬太鞍溪堰塞湖災後復原重建工作進度，包括農業災區復耕情況、阿陶莫地區花蓮縣管排水背水堤新建工程等。陳政委肯定農業部的努力，讓示範田區大豆與玉米產量恢復近災前水準，......,"行政院政務委員陳金德今（21）日前往花蓮縣光復鄉勘查馬太鞍溪堰塞湖災後復原重建工作進度，包括農業災區復耕情況、阿陶莫地區花蓮縣管排水背水堤新建工程等。陳政委肯定農業部的努力，讓示範田區大豆與玉米產量恢復近災前水準，也期許未來透過產官學合作及系統性科學調查，向世界展現臺灣農業面對極端氣候與天然災害時的韌性。

陳金德政委今天上午見證農業部花蓮區農業改良場與國立成功大學生物科學與科技學院簽署合作備忘錄（MOU），並勘查農業災區復耕情形。

陳政委指出，農業部為克服農地土質、傳統農機打滑等問題，投入機具、技術、人力，協助農民翻土施肥、提升土壤養分，農友也展現韌性與努力，共創如今成果。對於花改場與成大團隊合作土壤研究，他期待雙方結合專業，深化災後農地監測、復育技術及在地農業發展，讓科研成果回應災區復原需求。

花改場場長楊大吉說明，災後陪伴農民復耕的過程中，持續清除田間垃圾，以綠肥恢復土地生機，7處示範田區成果顯著；為進一步策略性地擴大復耕面積，學界研究將是重要助力。成大校長沈孟儒表示，校方強調學術成果落地、學以致用，科研團隊將系統性建構災區資料庫，提供國家防災及復原政策參考。

下午，陳政委前往視察「阿陶莫地區花蓮縣管排水背水堤新建工程」最新進度。主辦單位花蓮縣政府建設處報告，四項工程中，羅莫溪、麗太溪背水堤工程實際進度微幅超前，利哈岸溪與瑪達娜溪背水堤工程進度稍有落後。

陳政委強調，背水堤能保全東富村大面積農田與阿陶莫聚落80餘戶、300多名居民的生命財產安全，並強化區域整體防洪韌性，尤其今（2026）年5月15日瑪達娜溪支流因短延時強降雨釀局部淹水，請花蓮縣政府務必加緊趕工，於今年12月以前完成所有工程。

陳政委表示，中央除協助光復鄉重建毀損設施外，亦規劃興建過去沒有的公共設施，例如污水下水道、水資源回收中心、高規格堤防與第二道防線，提升民生服務，強化防洪能力與韌性。中央挹注經費與人力，並持續與地方溝通，期盼各界通力合作，引領光復鄉於災後蛻變重生，共創美麗的馬太鞍。",https://www.ey.gov.tw/Page/9277F759E41CCD91/36376d4a-911c-4f82-9f4a-d53c4b62bd5f
回應推動轉型正義會報委員及民間團體關切 政院：面對預算全刪衝擊，持續堅定推動轉型正義工作,115-08-21,針對近期關心轉型正義的民間團體發起連署，以及行政院推動轉型正義會報民間委員日前發表共同聲明，關切115年度中央政府總預算中行政院「人權及轉型正義」業務預算遭全數刪除一事，行政院今（21）日表示，政院立場與委員聲明中......,"針對近期關心轉型正義的民間團體發起連署，以及行政院推動轉型正義會報民間委員日前發表共同聲明，關切115年度中央政府總預算中行政院「人權及轉型正義」業務預算遭全數刪除一事，行政院今（21）日表示，政院立場與委員聲明中所提「轉型正義的國家責任不能中斷」之核心訴求完全一致，並強調即使面對特定業務經費遭受全數刪減所帶來的衝擊，轉型正義工作仍是國家不可推卻的責任，行政團隊會堅定持續推動；除將依法採取因應方案以維持本（115）年度施政外，更將配合20日送出的116年度中央政府總預算案，同步擘劃未來4年推動轉型正義中長程規劃方案，持續推進各項未竟工作。

行政院強調，轉型正義的核心意涵，在於促使國家深切反省過去威權統治的歷史錯誤，藉由還原真相與修復傷痕，避免國家暴力與威權體制重演，進而鞏固臺灣得來不易的民主人權價值。為此，行政院於2022年依法成立「推動轉型正義會報」，並由行政院長擔任召集人，作為統合、協調及監督轉型正義工作發展的重要機制。去年行政院也核定「轉型正義階段政策重點策進方案」，引導多項政策計畫落實執行，包含深化歷史記憶的「轉型正義教育」、「不義遺址保存活化」、「威權象徵空間轉型」、「戰後原住民族轉型正義」等，以及國家不法平復、權利回復、創傷療癒等政治受難者及家屬關切的工作，皆高度仰賴院級會報進行跨部會協調、資源盤點與社會對話。

此次預算審查，在年度已過大半之際，全數刪除人權及轉型正義業務預算，實質上已不只是一般性的經費刪減，而是使行政院原有的院級統合、政策協調等功能面臨無法正常運作的重大限制，不僅恐使轉型正義這項跨世代的國家工程陷入停頓風險，更向國際社會傳遞出臺灣人權政策退縮的負面訊號。

行政院表示，面對轉型正義議題與時間賽跑的急迫性，過去2年多來，除致力完備相關法制，亦秉持「行政先行」策略，研訂多項政策計畫積極推進各項業務，並辦理前導型試辦方案，透過孵化培力等方式，攜手民間量能一同推動人權及轉型正義工作。

行政院強調，儘管面臨挑戰，行政團隊推動轉型正義的決心絕不動搖。面對刪減預算的嚴峻考驗，行政團隊會負起應負的責任，不會讓轉型正義各項任務停下腳步，將依相關法令及預算執行規範，在合法合規前提下，維持會報相關機制運作，確保各項法定任務加速推動執行，也會請各部會堅守崗位，盤點現有資源，確保轉型正義各項工作持續推進。

行政院進一步說明，人權處今日公布「轉型正義業務114年推動成果」報告（https://tjb.ey.gov.tw/page/DA99FCACEC5351A2 ），顯示過去一年在還原歷史真相、平復不法與深耕轉型正義教育等領域，皆有一定程度之進展。另配合116年度中央政府總預算案，人權處已同步研擬「推動轉型正義業務中長程規劃方案（2027年至2030年）」。下一階段的轉型正義藍圖將對接聯合國倡議之五大支柱，並設定「還原歷史真相」、「矯正政府過錯」與「鞏固民主體制」三大核心目標，務實推進各項轉型正義任務。未來政府將持續藉由公私協力之精神，建立與民間之緊密合作機制，將過往的集體創傷，轉化為守護當代民主防衛之堅韌力量。",https://www.ey.gov.tw/Page/9277F759E41CCD91/423870b0-587f-466d-beb1-e7c7f674c76f
出席績優調解人員表揚大會 張秘書長肯定獲獎人員化解紛爭 成社會安定力量,115-08-21,行政院秘書長張惇涵今（21）日出席「114年調解案件榮獲中央各獎項績優人員表揚大會」，代表賴清德總統頒發服務滿30年的感謝狀，以及代表卓榮泰院長頒發「行政院獨任調解獎」及「協同調解績優獎」。張秘書長向來自全國各地的......,"行政院秘書長張惇涵今（21）日出席「114年調解案件榮獲中央各獎項績優人員表揚大會」，代表賴清德總統頒發服務滿30年的感謝狀，以及代表卓榮泰院長頒發「行政院獨任調解獎」及「協同調解績優獎」。張秘書長向來自全國各地的調解委員及獲頒「轉介調解獎」的警察同仁，表達誠摯感謝與敬意，肯定獲獎人員為社會化解紛爭、增添和諧信任，是臺灣社會安定不可或缺的重要力量。

張秘書長致詞時指出，調解委員長年於第一線為民服務、打拚，俗話說「清官難斷家務事」，但各位「公道伯」處理的不僅是家務事，更是大大小小的天下事，不僅要懂法律、講道理，更要通人情，因此調解不僅是一門專業，更是一門藝術。張秘書長表示，法院判決是非公道，而調解是協助兩造雙方找到一條比公道更能繼續走下去的道路。許多案件在進入法院前，如經由調解委員運用耐心與智慧來調解，讓雙方從怒目相向轉為握手言和，不僅減少耗費司法資源，也為雙方當事人節省時間與金錢，更讓社會少了一分怨恨，多了一分信任與和諧。

張秘書長表示，他今日代表賴總統頒發服務滿30年的感謝狀。此次計有28位調解委員獲此殊榮，30年來不僅化解一件件紛爭，也為社會和彼此守住一分分信任，其中來自臺南麻豆的郭文保委員服務更長達39年，令人十分欽佩。此外，他也代表卓院長頒發「行政院獨任調解獎」及「協同調解績優獎」，其中來自彰化的委員已連續20年獲獎，展現高度專業、耐心與毅力，備受肯定。

張秘書長也感謝獲頒「轉介調解獎」的警察同仁，在調解案件中，以車禍造成的刑事案件為最大宗，第一線警察同仁於第一時間處理事故、指揮交通及維護秩序之餘，更要積極轉介調解，促成調解成立，化解無數紛爭，這正是政府服務人民的具體展現。他強調，今日所有獲獎夥伴，無論資深或資淺、地方賢達或警察同仁，均為臺灣社會安定不可或缺的重要力量。

張秘書長提到，「以和為貴」出自《論語》中有子的一句話「禮之用，和為貴」，但有子也同時提醒「不以禮節之，亦不可行也」，這代表「要和，也要有秩序；有爭，也要有度」，大家可以有不同立場，但心中仍須以國家為己念。而調解委員的工作即是證明真正的民主並非沒有歧見，而是將歧見凝聚成共識、把僵局化為出路。最後，張秘書長再次感謝調解委員的付出，並祝福大家未來面對各項挑戰時，均能「有理講得通、有情說得動、有結解得開」。

致詞結束後，張秘書長依序與得獎者合影留念。包括內政部劉世芳部長、法務部鄭銘謙部長等均出席今日表揚大會。",https://www.ey.gov.tw/Page/9277F759E41CCD91/af6250e4-51bd-4d9b-bdf3-1000f9fb6783
參訪臺灣科技新創基地 卓揆：研議北士科設新創基地可行性 為首都圈黃金廊帶注入能量,115-08-20,行政院長卓榮泰今（20）日參訪臺灣科技新創基地（TTA）時表示，目前臺灣科技新創基地空間已趨近飽和，考量各界對新創空間的需求與期待，請國家科學及技術委員會正式立案研議在北投士林科技園區（北士科）成立新的TTA可行性......,"行政院長卓榮泰今（20）日參訪臺灣科技新創基地（TTA）時表示，目前臺灣科技新創基地空間已趨近飽和，考量各界對新創空間的需求與期待，請國家科學及技術委員會正式立案研議在北投士林科技園區（北士科）成立新的TTA可行性，並與臺北市政府妥適溝通，以提供新創者更寬敞的工作環境。

卓院長指出，政府正推動「六大區域產業及生活圈」，包含「首都圈黃金廊帶」、「桃竹苗大矽谷」、「中部精密智慧新核心」、「大南方新矽谷」、「東部慢活城鄉」及「低碳樂活離島」。其中，北北基宜「首都圈黃金廊帶」的核心發展重點為科技創新、綠色智慧走廊，以及「五大信賴產業」的安控與次世代通訊產業，因此若將規模更大、更具未來發展潛力的TTA 設立於臺北市，將為「首都圈黃金廊帶」注入新創基地能量，發揮半導體、資通訊及製造業的既有優勢，創造更大效益。

卓院長說，他常提醒行政團隊要「為老問題找新方法、為新問題找好方法」，此與新創事業理念相近。當新產品或服務未誕生前，大家總習慣舊模式，但隨著新產品或服務問世後，往往帶來更貼近人性、智慧與科技的應用，為人類生活帶來改變。卓院長表示，目前全國新創企業已突破1萬家，政府深知新創團隊在草創初期經常面臨資金籌措、技術研發及通路開拓等困境，因此除了金融監督管理委員會與國科會紛紛投入協助之外，未來經濟部將於海外設立更多「臺灣館」，協助業者展示產品、開拓商機。

卓院長進一步指出，行政院今日已通過明（116）年度中央政府總預算案，在「智慧科技」領域編列 2,292 億元，相較115年度成長12.7%；其中，在「AI 新十大建設」編列406 億元，而在「AI 新十大建設」金字塔中，最頂端部分是「全民智慧生活圈」，底下支撐的兩大部分為「百工百業智慧應用」與「AI數位產業登峰」，並將積極研發矽光子、量子技術、AI機器人等前瞻關鍵技術。

卓院長表示，除了科技預算與新創產業息息相關外，賴清德總統另已指示8年加碼1,000億元，推動中小微企業轉型升級發展。臺灣中小微企業約171萬家，占企業總數98%，從業人口近1,000萬人，目前正研擬中的《中小微企業轉型升級發展條例》草案擴大納入傳統工廠、商家、商圈、夜市、傳統市場、農企、觀光及新創產業，希望達成為微型企業「健身」、小型企業「壯大」、中型企業「升級」、新創產業「拔尖」等四大核心目標。其中，針對新創產業，卓院長指出，過去雖有《產業創新條例》，但在《中小微企業轉型升級發展條例》草案中，除了運用「3策略、3配套、1窗口」提供中小微企業支持外，更會提供各項精進與優惠措施，讓服務範圍更大、力道更強、速度更快，成為百工百業的加速器，孵化成功產業。

卓院長強調，新創產業能為醫療、社會企業、金融、資訊、行銷及軍工產業帶來龐大助益，而明年度中央政府總預算案已充分展現對相關領域的支持，除了大幅增加科技預算外，社會福利預算亦較今（115）年度大幅成長34.4%，創下歷年新高；同時將發放現金AI紅利每人1萬元，達到「經濟發展全民共享；AI紅利全民受益」的目標。展望未來，為解決少子女化問題，政府已提出「台灣人口對策新戰略」，積極從教育體制、社會制度及科技引導等方面著手，希望鼓勵生育，並持續加強學童AI技術教育，讓每位新生代除了受到國家妥善照顧之外，更能快速對接全球領先科技領域，進而培養更多能力回饋並照顧更多年輕下一代。

卓院長到場後，在TTA陳立偉執行長陪同下，分別參訪比翼創業加速器及慧康生活科技、陽明交大產業加速器及森泳航太公司、SparkLabs創業加速器及威凜科技，並觀看無人機展示，聽取團隊說明相關技術及應用。隨後，卓院長聽取國科會產學及園區業務處林德生處長說明TTA推動成果，以及愛實境李鐘彬創辦人分享新創發展經驗。致詞結束後，卓院長偕同行政院李慧芝發言人、國科會蘇振綱副主委、沈伯洋立法委員、吳思瑤立法委員、TTA陳立偉執行長及新創團隊代表等合影留念。",https://www.ey.gov.tw/Page/9277F759E41CCD91/aa083d32-38bc-4e0e-9a29-a2458061bfdc
116年度中央政府總預算案達成收支平衡、依法還債、無新增債務 卓揆呼籲立院合理、如期完成審查 照顧全民福祉,115-08-20,「116年度中央政府總預算案暨附屬單位預算及綜計表」於今（20）日在行政院會通過，將送請立法院審議，行政院長卓榮泰於院會後親自召開記者會，向國人說明總預算案編製情形。卓院長表示，116年度總預算案歲入與歲出皆編列3......,"「116年度中央政府總預算案暨附屬單位預算及綜計表」於今（20）日在行政院會通過，將送請立法院審議，行政院長卓榮泰於院會後親自召開記者會，向國人說明總預算案編製情形。卓院長表示，116年度總預算案歲入與歲出皆編列3兆9,266億元，是一本收支平衡、依法還債、沒有新增債務且降低債務餘額的預算書，行政院編列預算、立法院審議預算，這是兩院的義務，籲請立法院依照《憲法》期限合理、審慎完成預算審查，讓政府各項預算能即時照顧到全民福利。

卓院長表示，今日院會除通過116年度中央政府總預算案，同時也由主計總處報告「115年度中央政府總預算案立法院審議結果」。他要向立法院提出兩項重要呼籲：第一，預算應該合理審查，也應依照《憲法》規定期限完成審查。然而，115年度中央政府總預算案，不僅嚴重拖延，更出現極多不合理刪減，其中政策宣導相關費用通案刪減50%，甚至更多。以打詐宣傳預算為例，政府打詐正初具成效，不論案件數或財損數皆有明顯降低，各部會也積極推動各項新政策或措施協力打詐，加強國人識詐、防詐能力，然而打詐宣傳預算遭全數刪除，未來幾個月打詐工作形同停擺，這絕對令人遺憾。

此外，卓院長指出，文化部預算連續兩年都遭嚴重刪凍，即便文化界和去（114）年一樣大聲疾呼，但仍無明顯改變，包括公視在內相關預算皆遭大幅刪凍；另一方面，總統府歷年均運用國務機要費向庇護工場等弱勢團體採購年節禮品，惟今年總統國務機要費遭大幅刪凍，原定向庇護工場採購的計畫無法履行，嚴重打擊對弱勢團體的關懷協助，因此日前總統府已對外宣布，希望社會各界共同協助支持相關產品；而今日在本院新聞中心舉辦記者會，本院新聞傳播處相關預算也遭全數刪除，行政團隊可說是在克難中力爭上游。有鑑於此，他從去年到今（115）年一再呼籲，預算審查必須合理、理性，但立法院的改善幅度仍相當有限。

卓院長表示，他對立法院的第二項呼籲則是不要延誤人民的各種福利照顧，不要延誤國家重大建設，以及不要延誤國家安全需求。卓院長強調，AI科技發展不能等、經濟發展不能等、國家安全不能等、人民福利不能等，而每一筆預算都來自於國人的財產，行政院編列預算，立法院審議預算，這是兩院的義務，不是任何人的恩賜，因此通過預算是項義務，也必須在期限當中完成這項義務。卓院長說，115年度總預算案總共耽誤了351天，這絕對是相當嚴重的耽誤，他要呼籲立法院，116年度總預算案絕對不要再步入相同過程，務必要讓政府各項預算能即時照顧到全民。

談及明（116）年度中央政府總預算案，卓院長指出，行政院於本（8）月4日首次向賴清德總統報告116年度總預算案，總統聽取報告後指示要「擴大對人民的照顧」、「增進經濟的發展」、「穩固國家的安全」。因此，行政院依據總統三項指示，且盱衡立法院本月14日三讀通過115年度總預算案，以及行政院主計總處公布我國今年上半年經濟成長率達14.15%、全年度經濟成長率預估達11.05%等狀況後，進行重新盤整，並於本月17日二度向總統提出116年度總預算案的修正報告，其中最重大的內容，就是增列2,357億元「AI紅利，全民共享」預算，普發現金每人1萬元。行政院評估歲入可再增加430 億元，並可從第一版預算案歲計歲出歲入賸餘挪出約1,930億元，因而籌編2,357億元「AI紅利，全民共享」的預算，顯示政府完全恪遵財政紀律要求。

卓院長進一步說明，此次普發現金的前提及原則與去年截然不同，116年度總預算案歲入與歲出皆編列3兆9,266億元，歲入歲出達到平衡，是一個沒有赤字的預算，也沒有增加新的債務；同時，債務未償餘額降低至23.4%，若加計立法院三讀通過的115年度總預算案，債務未償餘額更降低至22.4%，創精省以來最低數字，而中央政府也會依照《公共債務法》規定，以當年度稅課收入至少5%至6%編列債務還本預算。

卓院長強調，這是一本收支平衡、依法還債、沒有新增債務且降低債務餘額的預算書，既然沒有舉債就不會債留子孫，絕不像在野黨所說會「窮臺」；去年是在野黨要求舉債普發現金，政府咬緊牙關擴大債務，但今年是國家財政仍有餘裕、沒有舉債，因此沒有「窮」的問題，而是將財富讓全民共享，是「富民」。卓院長強調，行政院依照《憲法》編製預算送交立法院，合乎《憲法》規定，只要依照《憲法》體制，程序就是合法、合憲，沒有不法與違憲的問題。

因此，卓院長指出，包括智慧科技、社會福利、韌性安全、軟實力升級、公平分配及永續成長等六大領域的116年度總預算案，在增加2,357億「AI紅利，全民共享」的預算之後，完全沒有受到影響。換句話說，行政院第一次向總統報告的預算原封不動，再加上第二次報告的「AI紅利，全民共享」預算後，所有政策的施政優先順序及六大領域的所有預算，都不會產生排擠效果，政府可以順利執行預算、照顧更多人民、完成更大的國家建設、促進更快的經濟發展、繼續維持臺灣科技領先地位、增加AI發展後對全民紅利的受益。

最後，卓院長再次呼籲，這項沒有赤字、沒有舉債、沒有增加債務、合法合憲，且在財務結構完整穩健情況下遵守財政紀律的預算，希望立法院能合理、審慎的儘速審查，行政院依照《憲法》法定程序時間內送出預算，希望立法院也能在《憲法》法定期限中完成審查，這才是兩院同時對人民負責最好的保證。

隨後，行政院張惇涵秘書長補充說明，105年蔡英文總統就任時，中央政府總預算歲出規模為1兆9,760億元，而116年度中央政府總預算規模達3兆9,266億元，歲出規模翻倍，代表臺灣國力成長。116年度中央政府總預算整體可歸納為「三個破兆」及「十個重要加碼」，包括第一、「國防整體預算破兆」，達1兆1,225億元，代表政府有決心捍衛國家安全，也有能力投資和平；第二、「社福整體預算破兆」，達1兆3,438億元，從孩子出生、青年成家、弱勢關懷及長者照顧，全面提供完整服務；第三、「中央挹注地方整體財源破兆」，達1兆3,579億元，為105年的3倍，明年挹注全國22縣市財源均較今年成長，中央預算成長不是中央獨享，國家財政進步也要讓地方一起進步。

張秘書長進一步表示，「十個重要加碼」包括第一、「普發現金」每人1萬元，讓AI紅利全民共享；第二、「台灣人口對策新戰略-家庭支持篇」編列3,730億元，較今年少子女化對策計畫增加1,996億元，其中包括「0到18歲」每人每月5,000元成長津貼；第三、「公共建設」整體預算達7,288億元，增加585億元，其中均衡臺灣及治水預算均成長；第四、「科技預算」加碼至2,292億元，增加259億元，「AI新十大建設」預算也同步加碼；第五、啟動「中小微企業轉型升級計畫」，8年增加1,000億元，其中明年預算增至250億元；第六、「教育經費」加碼至9,578億元，增加419億元；第七、撥補勞保基金1,300億元、健保基金600億元；第八、「文化預算」加碼至659億元，其中文化部主管預算達323億元；第九、「運動預算」加碼至276億元，增加28億元；第十、「軍公教加薪」合計編列799億元。

張秘書長指出，116年度中央政府總預算歲出達3兆9,266億元，為歷史新高，在「三個破兆」、「十個重要加碼」之後，仍維持「歲入歲出平衡、實質零舉債」，累積債務未償餘額占GDP比率降至23.4%，創1999年以來新低，達到「預算創新高、債務比例創新低」，做到「國力成長、投資加碼、全民共享、財政穩健」，代表中央政府「會做事、會理財、會持家」。張秘書長強調，會賺是國力、會用是能力、會顧是顧好財政紀律，以及世世代代的責任，同時也呼籲朝野政黨支持文化發展，因為「人民是國家的本、國防是國家的盾、文化是國家的根」。

包括行政院鄭麗君副院長、張惇涵秘書長、李慧芝發言人、財政部莊翠雲部長、行政院主計總處陳淑姿主計長、內政部劉世芳部長、運動部李洋部長、國防部徐斯儉副部長、國家發展委員會高仙桂副主委、教育部朱俊彰次長、行政院人事行政總處張秋元副人事長等均出席今日記者會。",https://www.ey.gov.tw/Page/9277F759E41CCD91/c9b62b00-c255-4c12-9eda-85409410beac
政院通過116年度施政計畫草案 卓揆期勉落實各項施政 奠定臺灣向上發展基礎,115-08-20,"行政院會今（20）日通過國家發展委員會擬具之「行政院116年度施政計畫（草案）」，併同中央政府總預算案函送立法院審議。
 

行政院長卓榮泰表示，行政院116年度施政計畫係各機關配合國家發展需求，回應人民期待......","行政院會今（20）日通過國家發展委員會擬具之「行政院116年度施政計畫（草案）」，併同中央政府總預算案函送立法院審議。

行政院長卓榮泰表示，行政院116年度施政計畫係各機關配合國家發展需求，回應人民期待，將總統治國理念及本院施政方針，轉化為具體政策與計畫，並已務實編列相關預算。

卓院長指出，國家面對地緣政治、AI國力競賽、全球供應鏈重組、美國新關稅政策、淨零轉型等重重挑戰，國力不進則退，必須把握當前契機勇敢向前。請行政團隊務必全力以赴，落實各項施政，以奠定臺灣向上發展的穩固基礎，提升我國在全球的競爭優勢及戰略地位，促進經濟日不落國的全球市場布局、加速智慧創新的普惠應用，並強化國家的安全與韌性。同時，也應擴大政府對人民的照顧，讓全民共享經濟成長紅利，每一個世代均能安心安居樂業。",https://www.ey.gov.tw/Page/9277F759E41CCD91/f9c5637a-9e2d-43b5-9da9-8f9aad9a5ebe
115年度總預算遭大幅刪凍 影響機關正常運作 卓揆籲立法院秉持專業、合理與比例原則審議明年度預算,115-08-20,行政院長卓榮泰今（20）日於行政院會聽取本院主計總處「115年度中央政府總預算案立法院審議結果」報告後表示，115年度中央政府總預算案經立法院審議，總共刪減480億元，除較112至114年追加後預算平均刪減數增加1......,"行政院長卓榮泰今（20）日於行政院會聽取本院主計總處「115年度中央政府總預算案立法院審議結果」報告後表示，115年度中央政府總預算案經立法院審議，總共刪減480億元，除較112至114年追加後預算平均刪減數增加167億元外，並對特定項目及機關做出不合理之大幅刪減，其中媒體政策及業務宣導費、特別費分別通案刪減50%、60%，部分機關甚至全數刪減，包括行政院施政及法制業務、新聞傳播業務、人權及轉型正義業務、不當黨產處理委員會獎補助費及政務人員待遇遭全數刪減，已嚴重影響機關基本運作維持。

此外，卓院長進一步指出，國家通訊傳播委員會基本行政工作維持刪減56%，以及文化部發展國際數位傳播、對財團法人公視基金會捐助等經費共刪減10.04億元等，造成業務推動窒礙難行。

卓院長表示，115年度總預算案凍結數348億元，亦較111至113年度預算平均凍結數增加208億元，其中專案報告始能解凍金額達129億元，考量115年僅剩4個月，若無法及時排定專案報告，這些凍結則形同刪減，恐將嚴重影響機關正常業務推動。有關預算解凍準備工作，卓院長請各部會積極先行作業，儘速向立法院提出業務說明。

卓院長強調，權力的制衡有其界限，不能侵犯其他憲法機關的權力核心，或對其他憲法機關權力之行使造成實質妨礙，導致責任政治遭受破壞。立法院依職權監督政府、審議預算，不能因為政治上的分歧，影響人民權益及國家的正常運作。接下來行政院將提出116年度中央政府總預算案，必須再次呼籲立法院秉持專業、合理與比例原則，儘速依法定期程審議預算，讓民主憲政回復常軌，各項重大施政、建設及福國利民的政策能及早推動落實。",https://www.ey.gov.tw/Page/9277F759E41CCD91/7c278e63-b6b3-47c3-8177-1734bb5f0b9b
2026年8月20日行政院會後記者會（第4017次會議）,115-08-20,,"📍主計總處：115年度中央政府總預算案立法院審議結果

📍國發會：行政院116年度施政計畫（草案）

📍 主計總處：116年度中央政府總預算案暨附屬單位預算及綜計表

🔸財政部：116年度中央政府總預算案歲入籌編及融資財源規劃 🔸主計總處：116年度中央政府總預算案

【出席】 行政院長 卓榮泰 行政院副院長 鄭麗君 行政院秘書長 張惇涵 財政部長 莊翠雲 行政院主計總處主計長 陳淑姿 國家發展委員會副主任委員 高仙桂

【主持】 行政院發言人 李慧芝",https://www.ey.gov.tw/Page/AF73D471993DF350/56364b98-663c-4b6e-86d6-3af1a8a5875e
參觀空總「晴空季2026」特展 卓揆期盼「部部都是文化部、季季都是晴空季」 厚植臺灣文化底蘊及思維,115-08-19,行政院長卓榮泰今（19）日出席文化部「晴空季SKYWARD 2026」記者會時表示，「晴空季2026」自8月1日起至11月15日止，於「空總國家文化基地」展出，納入「臺灣文化創意博覽會」、「終戰八十特展」及「We ......,"行政院長卓榮泰今（19）日出席文化部「晴空季SKYWARD 2026」記者會時表示，「晴空季2026」自8月1日起至11月15日止，於「空總國家文化基地」展出，納入「臺灣文化創意博覽會」、「終戰八十特展」及「We TAIWAN」大阪世博回臺灣等重要文化活動，希望國人與國外旅客踴躍前往參觀，共同體驗策展人創意與臺灣多元文化。卓院長強調，文化力量無遠弗界，行政院會全力支持文化部推動各項文化工作，也請文化界給予更多力量支持。

卓院長指出，「晴空季2026」展出地點「空總國家文化基地」前身為空軍總司令部，位在臺北市的黃金地段，但過去一、二十年卻未能妥善運用空間，甚為可惜。2018年由文化部接手後，開始嘗試場域的創新與改變，惟囿於該地為國定古蹟之限制，因此許多建築物必須保留，僅能就零星空間進行規劃，所幸各策展人、主辦單位及參展團體，仍運用創意巧思，為空總注入新生命，雖然硬體不能大刀闊斧改造，但仍傳遞積極正向的文化思維。

卓院長表示，為連結空軍的歷史脈絡，文化部將空總打造為「文化機場」，舉辦「晴空季2026」，並將「臺灣文化創意博覽會」、「終戰八十特展」、「We TAIWAN」大阪世博回臺灣等重要文化活動串連起來。他鼓勵全臺民眾，尤其是北部地區市民朋友把握機會，在11月15日展期結束前，踴躍前來參觀，體驗所有參展人的創意及臺灣豐富的多元文化；同時也希望藉此活動，帶動臺灣國際觀光，讓國外旅客感受「文化機場」的創新與創意，進一步欣賞來自不同國家、種族、語言的多元文化特色。

卓院長指出，另鑑於文化部今年度預算遭立法院大幅刪減，其中媒宣費4,738萬元更遭全數刪除，因此卓院長也請在場媒體協助多加宣傳及報導本次活動，藉以縫合文化界與社會大眾之間的距離，並盼行政、立法兩院能縮短對於憲法認知的差距，基於國家未來、國家安全及財政紀律，共商未來國家發展的正確方向。

最後，卓院長強調，文化力量無遠弗界，行政院會全力支持文化部下半年及明（2027）年度所推動的各項文化工作。他常說「部部都是文化部」，今天則是「季季都是晴空季」，希望以此期勉各部會具備文化底蘊及思考，也期待文化界發揮力量給予文化部更多支持，持續將臺灣的美好傳遞給全世界愛好文化的朋友們，展現臺灣多元、美好的一面。

致詞結束後，卓院長聽取林昆穎總策展人說明空總文化實驗場設計理念，隨後參觀晴空季展覽，由文化部王時思次長介紹說明「未來旅行社」、「奇幻藍色海洋」、「明日商店」，以及由羅健毓策展人介紹說明「終戰八十特展」等展區設計理念。包括行政院李慧芝發言人、文化部李遠部長、國防部徐斯儉副部長、空軍司令鄭榮豐上將、台灣設計研究院張基義院長等均出席今日記者會。",https://www.ey.gov.tw/Page/9277F759E41CCD91/a5dc1d99-5846-493f-921e-4c5fb621399b
出席機器人與智慧自動化工業雙展 卓揆：持續投入預算推動科技發展及AI新十大建設 共促「AI紅利，全民共享」,115-08-19,行政院長卓榮泰今（19）日出席「台灣機器人與智慧自動化展」暨「台北國際自動化工業大展」開幕典禮時表示，今日盛會是百工百業智慧應用的具體實現，透過先進製造能力將AI晶片結合於各類載體，形成良好的產業發展循環。卓院長強......,"行政院長卓榮泰今（19）日出席「台灣機器人與智慧自動化展」暨「台北國際自動化工業大展」開幕典禮時表示，今日盛會是百工百業智慧應用的具體實現，透過先進製造能力將AI晶片結合於各類載體，形成良好的產業發展循環。卓院長強調，政府致力發展智慧科技，因此在「116年度中央政府總預算案」中，編列 2,292億元推動科技發展計畫，較今（115）年成長12.7%。其中，「AI新十大建設」編列406億元，較今年增加25%，期待透過公私協力，化為更多政策的具體實現。

卓院長致詞時首先肯定「台灣智慧自動化與機器人協會」絲國一理事長每年舉辦會展，不僅吸引許多外國駐臺使節、國內外業界先進齊聚，也看到多項新型科技研發產品，讓他對於臺灣未來經濟發展充滿更多信心，並堅定繼續向前推進的信念。尤其行政院推動「AI新十大建設」的目標，就是要打造「全民智慧生活圈」，並以「AI軟體產業登峰」及「百工百業智慧運用」作為兩大支柱。而今日展覽即是百工百業智慧應用的具體實現，藉由先進製造能力將AI晶片結合於各類載體，形成良好的產業發展循環。

談及明（116）年度中央政府總預算案，卓院長表示，明年度總預算案可歸類為智慧科技、社會福利、韌性安全、軟實力升級、公平分配及永續成長等6大項目。除了科技預算大幅成長之外，整體社福預算規模亦達到1兆3,439 億元，較今年成長34.4%，其中包括「人口對策新戰略—家庭支持篇」編列 3,730億元。此外，在韌性安全方面，明年度國防預算編列1兆1,225 億元，持續超過GDP 3%；治水預算則編列591億元，較115年度成長12.8%。在軟實力升級方面，明年度教育經費，中央及地方合計編列9,688億元。在公平分配方面，撥補勞保基金達1,300億元、撥補健保基金共600億元，並編列392億元用於軍公教人員調薪。在永續成長方面，明年度「公共建設」整體經費達7,288億元，涵蓋軌道、生活圈道路，以及支撐「AI新十大建設」與「六大區域產業及生活圈」等重要工程在內。

卓院長表示，行政院於本（8）月4日首次向賴清德總統報告「116年度中央政府總預算案」，而隨著立法院本月14日三讀通過今年度中央政府總預算案，以及我國經濟成長今年第一、二季均呈現兩位數成長，同時全年度經濟成長率預估將由9.64%上修至11.05%，因此行政院本月17日二度向總統報告明年度總預算案籌編情形。卓院長指出，行政院評估國家財政仍有餘裕，歲入可再增加430億元，並可從第一版預算案歲出歲入賸餘挪出約1,930億元。因此，歲出編列規模除維持原先8月4日報告的3.6兆餘元不變動之外，再增列2,357億元普發現金每人1萬元，讓「AI紅利，全民共享」。總統也特別請他向今日在場所有AI產業相關業者表達感謝，因為大家的努力，人民才有紅利。

卓院長進一步指出，這筆增列的2,357億元預算，完全不會排擠到先前已經排定的明年度中央政府各項施政及預算規劃，且歲出歲入編列總額均為3兆9,266億元，是一個放在天平上沒有赤字的平衡預算，沒有新增國家任何債務，不會擴大債務，反倒是將債務未償餘額降低至23.4%（占前3年度名目GDP平均數），創1999年以來的最低比率。

卓院長澄清說道，這樣一個「AI紅利，全民共享」的預算增列，絕不是像近來部分在野黨立委所說會「窮臺」，反而是「富民」，將財富歸還人民。卓院長強調，由行政院編列預算、落實行政院政策，完全符合憲法規定，沒有違憲；同時，這更沒有雙標，而是代表行政院、國家政策與國家財政再次達標，「沒有『窮臺』，只有『富臺』，沒有『雙標』，只有『達標』」。

卓院長表示，只要跟著這個腳步走，當產業愈發展時，人民就會得到更多協助。卓院長強調，政府在追求「均衡臺灣」過程中，就是要先提升底層的力量，並壯大中間階層的力量，進而將經濟成長的果實做更多公平分配。因此，行政院將於立法院新會期之前提出《中小微企業轉型升級發展條例》草案，經濟部已於昨（18）日再次向總統進行完整報告及說明，希望立法院後續能儘速通過。

卓院長接續說明，在《中小微企業轉型升級發展條例》中，總統特別指示8年增加1,000億元預算投入，如再加上原有「中小微企業多元振興發展計畫」，預估明年整體投入預算將上看250億元，幾乎加倍，為的就是要照顧全國171萬家中小微企業，以及將近千萬的就業人口，同時協助微型企業「健身」、小型企業「壯大」、中型企業「升級」、新創產業「拔尖」，以培育更多新創產業獨角獸。此外，本次立法也將傳統工廠、商家、商圈、夜市、傳統市場、農企、觀光等納入，協助商家進行設備汰舊換新、環境美化等工程，期盼進一步改變城市風貌，帶動臺灣觀光向上發展。

談及對美談判，卓院長表示，不論是先前談定的《臺美投資備忘錄》（MOU）或《臺美對等貿易協定》（ART），以及非半導體232關稅優惠待遇、強迫勞動301調查最終提供台灣的相對優惠待遇等，台美雙方都在過往所累積各種協議的優勢基礎上逐步往前走，證明臺灣是一個可信賴的國際夥伴。

最後，卓院長期勉在場所有AI產業及百工百業，能夠與廣大勞工朋友更緊密結合在一起，一同促進人才培育、改善職場環境，逐步落實政府所有政策，並突破現有瓶頸與障礙，共同帶動臺灣經濟向上起飛的動能，讓臺灣的經濟再創高峰。

致詞結束後，卓院長偕同與會貴賓進行開幕剪綵儀式，隨後於展區依序參觀德國館、上銀集團、均豪精密等展位，瞭解業界最新技術。包含總統府沈榮津資政、行政院李慧芝發言人、經濟部龔明鑫部長、數位發展部林宜敬部長、勞動部黃玲娜次長、國家科學及技術委員會蘇振綱副主委、國家發展委員會詹方冠副主委、「台灣智慧自動化與機器人協會」絲國一理事長、「台灣區模具工業同業公會」張和明理事長、「台灣冷鏈協會」林建維理事長、經濟日報劉永平社長等均出席今日開幕典禮。",https://www.ey.gov.tw/Page/9277F759E41CCD91/a557355c-2c19-4502-be06-7503f6192fb8
《臺灣兒少成長及未來帳戶條例》違反憲法權力分立原則、比例原則及租稅法律原則  行政院不予副署,115-08-17,行政院發言人李慧芝今（17）日表示，由於立法院日前三讀的《臺灣兒少成長及未來帳戶條例》，違反憲法權力分立原則、比例原則及租稅法律原則等憲法要求，為捍衛憲政秩序及行政院權限，行政院卓榮泰院長已在今天決定基於憲法賦予行......,"行政院發言人李慧芝今（17）日表示，由於立法院日前三讀的《臺灣兒少成長及未來帳戶條例》，違反憲法權力分立原則、比例原則及租稅法律原則等憲法要求，為捍衛憲政秩序及行政院權限，行政院卓榮泰院長已在今天決定基於憲法賦予行政院院長之副署權，就本條例不予副署。

李慧芝強調，賴清德總統早就於今年5月27日召開國安高層會議，聽取行政院報告，並宣布「臺灣人口對策新戰略—家庭支持篇」，隔日（5月28日）行政院隨即於行政院院會中通過該項計畫。之後，立法院才在7月24日才三讀通過《臺灣兒少成長及未來帳戶條例》。而依《憲法》規定，行政院是國家最高行政機關，提出施政方針、形成施政計畫，以及編列中央政府總預算，屬於憲法賦予行政院的憲政職權。

李慧芝重申，「臺灣人口對策新戰略—家庭支持篇」是中央政府衡酌國家經濟成長、審酌國家財政力，對於國家世代發展進行完整擘畫。提出「安心生養、強化托育、教育加碼、友善職場、居住減壓」五大面向共18項措施，將「補助式育兒」全面升級為「公共支持式育兒」。

李慧芝指出，18項措施當中「0到18歲成長津貼」，兒少每人每月5,000元的經費，已編入明（116）年度中央政府總預算當中，明年開始，可以直接發放給符合資格的兒少。此外，「成長津貼」搭配「弱勢兒少發展帳戶」，不但讓每個孩子從0到18歲至少有108萬元支持，政府更是幫弱勢家庭「1:1對存」，以實踐公平正義。反之，立法院三讀的《臺灣兒少成長及未來帳戶條例》，存入款項包括「企業贊助款」及民眾自存，恐讓富者存越多、領越多，勢必將擴大貧富差距，違反憲法比例原則。此外，這部條例中有關企業贊助款之免稅規定，並沒有以法律明確規定免稅客體、要件等重要事項，也違反憲法租稅法律主義的法治國重要原則。

李慧芝進一步說明，「臺灣人口對策新戰略—家庭支持篇」的18項措施，還包括「育兒留停6+3」，亦即雙親各自請滿6個月育兒留停津貼後，可各再多領3個月；並提出婚假延長為14天，產假從8週延長到12週，陪產檢及陪產假也從7天增加到14天等完整措施，擴大對家庭的支持。而對應此項措施的相關法案，包含《性別平等工作法》、《就業保險法》等相關法案，行政院已送請立法院審議。相反地，立法院卻以單一補助政策的三讀法案，意圖強制調整行政院已在進行中的完整人口對策計畫以及預算規畫，恐將讓環環相扣的18項公共式支持措施產生支離破碎的影響；導致未來政策成敗的責任歸屬不清，侵害行政權甚鉅，嚴重牴觸憲法權力分立原則。

李慧芝表示，鑑於《臺灣兒少成長及未來帳戶條例》，違反憲法權力分立原則、比例原則及租稅法律原則等多項重要的憲政原則，行政院卓榮泰院長為捍衛權力分立的憲政架構，維護法治國家的重要憲政原則，對此條例不予副署；並將依照既定時程，持續推動「臺灣人口對策新戰略—家庭支持篇」的18項措施，全面建構對國人育兒家庭的公共式支持。",https://www.ey.gov.tw/Page/9277F759E41CCD91/c5cef458-b658-484a-b7bb-e36f2f2a0c31
避免引發違憲疑慮 行政院不副署《有線廣播電視法》,115-08-17,"有關立法院本次三讀通過的《有線廣播電視法》，行政院發言人李慧芝今（17）日表示，這次修法涉及的黨政軍條款及裁罰對象規定，與行政院卓榮泰院長先前決定不予副署的《衛星廣播電視法》第5條及第50條內容相近。
 

......","有關立法院本次三讀通過的《有線廣播電視法》，行政院發言人李慧芝今（17）日表示，這次修法涉及的黨政軍條款及裁罰對象規定，與行政院卓榮泰院長先前決定不予副署的《衛星廣播電視法》第5條及第50條內容相近。

李慧芝表示，對於黨政軍投資媒體業者的限制及監理，相關規範應該一致，才能符合憲法所要求的平等原則。為避免法律公布施行後，因相關規定不一致而產生執法爭議，甚至引發違憲疑慮，卓院長依憲法所賦予行政院院長的副署權，決定不予副署這次《有線廣播電視法》的三讀條文。",https://www.ey.gov.tw/Page/9277F759E41CCD91/1668d3f9-29d8-4e23-87ce-83d32c06c5ef
參訪彰化「左鄰秀家人」日間照顧中心 卓揆：推動「互助喘息」服務 減輕家庭照顧負擔,115-08-15,行政院長卓榮泰今（15）日前往彰化縣參訪「左鄰秀家人照顧咖啡館」時表示，「左鄰秀家人」目前推動家庭照顧者「互助喘息」的支持服務，雖然場地空間不大，但設備良好，讓許多長者在此獲得用心的照顧，也讓其他相關機構學習成功經......,"行政院長卓榮泰今（15）日前往彰化縣參訪「左鄰秀家人照顧咖啡館」時表示，「左鄰秀家人」目前推動家庭照顧者「互助喘息」的支持服務，雖然場地空間不大，但設備良好，讓許多長者在此獲得用心的照顧，也讓其他相關機構學習成功經營與管理的經驗。最特別的是咖啡館裡的咖啡，是由長者在此學習沖煮，讓被照顧者也可以是服務者，更添一份溫暖的味道。

卓院長進一步說，一個進步的福利國家具有許多觀察指標，例如過去是「照顧需要被照顧者」，但當國家財政實力及各方面條件漸臻完備時，則須更進一步「支持照顧者」，讓長期付出耐心與愛心，照顧年老、失智或失能的照顧者，能夠獲得身心喘息的機會。

卓院長提到，114年12月16日行政院召開「青年諮詢委員會」，當時青諮委員林彥廷曾提案建議強化對承擔家庭照顧責任而中途輟學的青年支持，他隨即於兩日後（12月18日）的行政院會上，指示相關部會必須提出各項強化措施，以紓解承擔照顧責任的青少年身心壓力與負擔；而經過數月研議與準備後，衛生福利部於今（115）年3月5日行政院會提出「強化青（少）年照顧者支持措施」報告，使青年照顧者獲得政府更多支持。

卓院長強調，「左鄰秀家人」就是文明與福利國家的進步象徵，將被照顧者與照顧者身分進行調和、轉換，並給予彼此參與社會福利照顧的機會。他並感謝「左鄰秀家人」的母單位「彰化縣白玉功德會」，在地深耕多元社福業務，包括「秀老郎日間照顧中心」、「行動沐浴車服務」、「居家服務」、「長照交通接送服務」、「巷弄長照據點」、「失智據點」、「身心障礙者社區式日照中心」及「身心障礙者家庭托顧服務」等。

卓院長指出，面對臺灣進入超高齡社會的挑戰，政府推出「台灣人口對策新戰略」，希望有助增加新生人口；同時對於地方長照經費的挹注亦不遺餘力，例如近年來，中央挹注彰化縣長照的預算達255億元，並盼各縣市展現執行效率，讓每一分錢都能發揮效益，產生加乘作用。卓院長表示，截至今年6月底，16個縣市已布建49處互助喘息服務據點，計4,433人次參與；同時，衛福部於明（116）年度預算中，將繼續投入5,050萬元，推動「互助喘息」創新型喘息服務模式。

另外，對於住宿式服務機構使用者，卓院長指出，補助額度將逐步提升至每人每年18萬元，讓相關家庭獲得實質照顧。卓院長進一步說，這筆補助費用原盼自今年1月1日起開始發放，但一直在等立法院通過今年度總預算案的時間，從7月底、8月7日到8月14日，時間一直在變化，甚至到前日及昨日，都傳出立法院可能要在下週一（8月17日）加開院會處理。這段期間他也較少安排地方訪視行程，希望靜待最後預算審議結果，而昨日下午他前往屏東訪視臺灣可可產業時，終於聽到今年度總預算案通過的消息，在此他仍要感謝立法委員，也讓延誤近8個月的住宿式服務機構使用者補助費用能夠回溯發放。

卓院長另表示，彰化縣是六大區域產業及生活圈「中部精密智慧新核心」的重要據點之一，其中針對「二林精密機械產業園區」，環境部已於本（8）月收到縣府提供的環評報告修正本，目前正審議中，未來該園區將與「中部精密智慧新核心」串聯，在彰化傳統精密製造工業基礎上，進一步納入新興光學、科技及智慧農業。另一方面，衛福部在本月10日行政院政務會議也提出，將去（113）年8月退場的彰化明道大學校區，建置為「行政法人國家中醫研究院南院區」及「中醫藥農業科技健康產業園區」的長遠計畫，希望縣府共同支持，讓我國中醫藥獲得新的發展，更增進國人健康，使我國在中西醫學並進。

最後，卓院長再次強調，政府將逐步強化被照顧者及其出院後的銜接工作，讓照顧力量延續，減少家庭照顧的負擔。尤其政府在「家庭支持」部分已推動多項工作，並嘗試許多政策突破，但更重要的是結合各地民間團體共同努力與協助，讓政府落實速度不致緩慢，也讓國家發展穩健向前行。

卓院長抵達後，首先聽取衛福部祝健芳司長說明「長期照顧政策及彰化長照服務推動情形」，以及「左鄰秀家人照顧咖啡館」李芝彤主任介紹咖啡館的社區服務特色。致詞結束後，卓院長實地了解咖啡館互助喘息服務運作情形，並與長輩參與團體活動，品嚐長者所沖煮的咖啡。包括行政院李慧芝發言人、衛福部呂建德次長、行政院中部聯合服務中心吳音寧副執行長、王安祥立委、黃秀芳立委、陳素月立委、彰化縣王惠美縣長及員林市公所賴致富代理市長均出席今日活動。",https://www.ey.gov.tw/Page/9277F759E41CCD91/c6724e1a-53e0-4b5c-8905-e6b78d9cae7d
馬太鞍重建工作展現具體成果 陳金德：農業重災區規劃「一心、一林、兩低地、雙網」新願景,115-08-14,行政院今（14）日召開「馬太鞍溪堰塞湖災後復原重建中央協調會報」第9次會議（擴大會議），由政務委員兼中央協調會報執行秘書陳金德主持，並邀集花蓮縣政府、鄉鎮公所、原住民部落代表出席。對於難以復耕的農業重災區，陳金德政......,"行政院今（14）日召開「馬太鞍溪堰塞湖災後復原重建中央協調會報」第9次會議（擴大會議），由政務委員兼中央協調會報執行秘書陳金德主持，並邀集花蓮縣政府、鄉鎮公所、原住民部落代表出席。對於難以復耕的農業重災區，陳金德政委表示，希望朝兼具排水防洪、生態造林、事件紀念、運動遊憩的多功能場域規劃，請相關單位與地方溝通合作，將淤泥掩蓋的土地，轉型為守護光復、陪伴居民生活的重要設施。

陳金德政委於會議指出，重建工作經各部會努力都有實質成果，其中馬太鞍溪南岸的農業重災區，中央預計朝多功能場域方向規劃，提升當地防洪及排水能力，也提供民眾日常運動遊憩場所。他也關切上游搶災便道進度，務求克服堅硬岩盤挑戰，於明（116）年汛期前開通。

農業重災區部分，農業部水保署初步規劃以「一心，一林，兩低地，雙網」為四大願景，建置多功能場域。「一心」是以保安寺為核心設置紀念廣場，凝聚地方意識並記錄救災歷程；「一林」種植141公頃原生種苗木，打造平地森林；「兩低地」配置兩處低地草坪，具備休閒運動兼具防災滯洪功能；「雙網」則規劃整合「自行車及遊憩步道」與「排水網絡」。

馬太鞍溪堰塞湖監測預警部分，經農業部林保署持續降挖與引流，目前堰塞湖已無蓄水，回歸自然河道型態。林保署持續透過無人機、微地動儀及監控整合平台，監控上游變化，維持24小時監測警報機制，以利即時應變。

橋梁及堤防工程進度部分，交通部公路局報告，馬太鞍溪永久橋施工進度達53.68％，比預期超前約4.4％，目前正辦理橋墩基礎及下構工程，朝今（115）年底北上橋梁雙向通車目標前進。經濟部水利署指出，光復區段的高規格堤防及第二道堤防已於6月開工，預計明年汛期前完成第一道高規格堤防，明年底整體完工；左岸明利堤防保護工已於5月完工，萬榮區段亦透過墊高農路提升防洪防洪能力，保護居民安全。

排水系統方面，內政部補助花蓮縣政府辦理的排水改善及清淤，抽水機已布設完成。家園復健方面，除既有的中繼屋，原民安置住所也協助需求災民完成入住。產業振興方面，經濟部產發署及商發署持續執行災後產業輔導及補助，商發署並與交通部觀光署持續合作「月月有活動」，近期如8月「縱谷原遊會－部落食樂園」、9月「光復超人感恩季」，盼振興地方觀光。環境部則補助花蓮縣政府處理第三暫置區砂土混雜廢棄物。

針對鄉鎮公所、原住民代表於會議提出堤防土地徵收、拆遷、重災區規劃及苗木種類等意見。陳政委指示，堤防用地及拆遷方面，請水利署到現場釐清問題範圍，倘有拆遷住戶安置問題，應個案協助處理；重災區目前尚在初期規劃階段，請農業部向當地民眾說明構想、苗木種類選擇的調查依據，做好充分溝通。

陳政委也提醒各部會，做好協調與溝通工作，持續穩健推動相關作業，恢復當地生活環境與產業發展。",https://www.ey.gov.tw/Page/9277F759E41CCD91/6224d612-648e-4a5a-b7b0-64fda94d8e33
卓揆參訪屏東可可產業 肯定結合農業創新及循環經濟 增進農民收益與地方發展,115-08-14,行政院長卓榮泰今（14）日前往屏東縣參訪「台灣可可與巧克力產業協會」時表示，近年來臺灣巧克力產業勇於轉型創新，在地生產的巧克力在國際比賽中屢獲佳績，並持續創造循環經濟價值。未來政府將透過《中小微企業轉型升級發展條例......,"行政院長卓榮泰今（14）日前往屏東縣參訪「台灣可可與巧克力產業協會」時表示，近年來臺灣巧克力產業勇於轉型創新，在地生產的巧克力在國際比賽中屢獲佳績，並持續創造循環經濟價值。未來政府將透過《中小微企業轉型升級發展條例》，協助中小微企業「健身、壯大、升級、拔尖」，並傾聽產業界需要，協助拓展國際通路，將臺灣建設為真正進步的文明國家。

卓院長表示，他從小就非常喜愛吃巧克力，辦公室會議桌上時常備有各式巧克力點心。雖然以往國人消費及熟悉的巧克力多為國際大品牌；但近年來，臺灣在地生產的巧克力逐漸在臺灣百貨商場出現，且品質相當具有國際競爭力。其中，臺灣可可與巧克力產業協會帶領臺灣品牌，如金月可可園等，在法國「農產品價值促進協會」（AVPA）等國際大賽上嶄露頭角之外，近年亦於世界巧克力大賽亞太區競賽中，勇奪「3金、6銀、10銅」優異成績。

卓院長指出，巧克力雖在其他國家具有悠久種植歷史，但我國農民勇於創新嘗試與發展，不僅改變種植習慣，對環境生態也有所幫助，更增加了實質的收益。而「產業創新」是政府持續推動的重要政策，例如「巧克力、可可不只能吃，還可以拿來穿」，而他某次參訪產業過程中，也見過以廢棄鳳梨葉片製成的鳳梨紗，所製作的帽子、衣服、襪子等產品，期待透過新創產業結合農業，進一步讓農民的收益得到更大幫助。

卓院長說，可可果實體積非常大，遠看就像是一顆木瓜，而在產製為巧克力的過程中，必須經過十多天的日曬乾燥，因此必須設法利用更科學的方法加速乾燥時程，這也倚賴相關計畫與經費的投入。另一方面，可可果殼如進行高值化加工，亦能萃取製成具備抗菌、防臭的可可紗針織緹花面料，減少農業廢棄物並創造循環經濟價值。

然而，卓院長表示，推動循環經濟或產業創新，初期面臨最大的挑戰就是早期資金投注與技術研發，以及市場接受程度高低，因此若能透過科學方式，在更短時間內將可可果實轉化為可可紗，並廣泛應用在運動用品與器材上，相信將能有效開創循環經濟的新價值，使投資效益顯現。

卓院長感謝國內紡織業勇於嘗試、敢於創新，將「循環經濟」進行有效運用。「循環經濟」已是現今全球主流思維，過去提倡「從產地到餐桌」，而如今可可產業則發展出「Tree to Bar（從可可樹到巧克力塊）」一條龍直接供應的概念，並透過循環經濟為各項產業加值升級，不僅促進地方創生，更凝聚地方團體更多團結力量。

卓院長接著說明，臺灣巧克力產業目前非由大型資本或大型品牌主導，而是依靠在地組織共同推動，像是「台灣可可與巧克力產業協會」和「佳紡國際貿易有限公司」的合作就是一個鮮明的例子，真正幫助地方發展。未來產業或許會逐步形成更大型資本形態，但在目前起步階段，更重要的是讓農民建立信心，專注於農產品的種植，而後續的研發、製造、通路拓展等，經濟部、農業部將會合力協助產業界克服難關，做產業堅實的後盾，並肩向前走，讓臺灣可可產業可以走向世界。

卓院長強調，政府部門在施行政策時，對特定新興產業的扶植速度要與民間並進，才不會讓民間感到孤單，讓業者向前走時，「回頭一看，政府都站在身旁、一起往前走」。因此，不論經濟部或農業部，從栽培技術、研發、驗證，一直到拓展國內外通路，都會提供全程的政策協助。

此外，卓院長提到，政府刻正擬定8年1千億元的《中小微企業轉型升級發展條例》草案，相關進度已漸趨完成，預計9月份立法院新會期展開後，將送至立法院審議。他相信國會對於政府政策縱然有許多不同意見，但對於扶植全國中小微企業發展的政策與努力，應會與行政院站在同一立場。

卓院長指出，《中小微企業轉型升級發展條例》的立法精神，在於協助微型企業「健身」、小型企業「壯大」、中型企業「升級」、新創產業「拔尖」，以期待培育下一個新創產業獨角獸。同時，本次立法也將傳統工廠、商家、商圈、夜市、傳統市場、農企等納入，協助商家進行設備汰舊換新、環境美化等工程，讓國內外旅客造訪地方商圈、夜市或觀光景點時，都能感受到更舒適的環境及生活品質。

卓院長強調，政府有信心，也有決心，透過政策與預算的投入，全面改善臺灣的風貌，這不會僅限於在大都市中推動危老都更工作，更會深入所有基層及城鄉之中，協助地方治水、產業發展、強化治安等工作，同時傾聽產業界最迫切的需要，協助其打通國際通路，讓臺灣成為真正進步的文明國家。

此行，卓院長到場後，首先聽取「台灣可可與巧克力產業協會」張翠蘭理事長說明「在地可可產業發展活化」簡報，以及「佳紡國際貿易有限公司」張寺榮董事長說明「廢可可殼再利用之機能衣」簡報，並於致詞結束後，參訪現場擺設的機能衣、巧克力和可可酒等展品及銷售中心。最後，卓院長與行政院李慧芝發言人、經濟部賴建信次長、中小及新創企業署李冠志署長、行政院南部聯合服務中心陳文亮副執行長、屏東縣鄞鳳蘭副縣長、張翠蘭理事長、張寺榮董事長、金月可可園蘇瑞珉董事長以及協會成員們一同合影留念。",https://www.ey.gov.tw/Page/9277F759E41CCD91/f778548f-0ca1-4faa-b831-58c81fcda439
